<?xml version="1.0" encoding="UTF-8"?>
<window>
	<defaultcontrol always="true">6</defaultcontrol>
	<coordinates>
		<left>165</left>
		<top>90</top>
	</coordinates>
	<include>dialogeffect</include>
	<controls>
		<control type="group">
			<control type="image">
				<description>background image</description>
				<left>0</left>
				<top>0</top>
				<width>1590</width>
				<height>870</height>
				<texture border="40">DialogBack.png</texture>
				<visible>!Window.IsVisible(Slideshow)</visible>
			</control>
			<control type="image">
				<description>background image</description>
				<left>0</left>
				<top>0</top>
				<width>1590</width>
				<height>870</height>
				<texture border="40">DialogBack2.png</texture>
				<visible>Window.IsVisible(Slideshow)</visible>
			</control>
			<control type="image">
				<description>Dialog Header image</description>
				<left>60</left>
				<top>24</top>
				<width>1470</width>
				<height>60</height>
				<texture>dialogheader.png</texture>
			</control>
			<control type="label">
				<description>header label</description>
				<left>60</left>
				<top>30</top>
				<width>1470</width>
				<height>45</height>
				<font>font13_title</font>
				<label>$LOCALIZE[737]</label>
				<align>center</align>
				<aligny>center</aligny>
				<textcolor>selected</textcolor>
				<shadowcolor>black</shadowcolor>
			</control>
			<control type="button">
				<description>Close Window button</description>
				<left>1455</left>
				<top>23</top>
				<width>96</width>
				<height>48</height>
				<label />
				<font />
				<onclick>PreviousMenu</onclick>
				<texturefocus>DialogCloseButton-focus.png</texturefocus>
				<texturenofocus>DialogCloseButton.png</texturenofocus>
				<onleft>2</onleft>
				<onright>2</onright>
				<onup>2</onup>
				<ondown>2</ondown>
				<visible>system.getbool(input.enablemouse)</visible>
			</control>
			<!-- Color picker panel -->
			<control type="panel" id="6">
				<left>23</left>
				<top>90</top>
				<width>1530</width>
				<bottom>39</bottom>
				<onup>6</onup>
				<ondown>6</ondown>
				<onleft>9001</onleft>
				<onright>61</onright>
				<orientation>vertical</orientation>
				<pagecontrol>61</pagecontrol>
				<viewtype label="100">icon</viewtype>
				<itemlayout height="75" width="90">
					<control type="group">
						<control type="image">
							<top>5</top>
							<left>12</left>
							<width>84</width>
							<height>69</height>
							<texture border="0">colors/white.png</texture>
							<colordiffuse>$INFO[ListItem.Label2]</colordiffuse>
							<aspectratio>stretch</aspectratio>
						</control>
					</control>
				</itemlayout>
				<focusedlayout height="75" width="90">
					<control type="group">
						<animation effect="zoom" time="200" tween="sine" easing="inout" start="75" end="186" center="auto">Focus</animation>
						<control type="image">
							<top>5</top>
							<left>12</left>
							<width>84</width>
							<height>69</height>
							<texture border="0">colors/white.png</texture>
							<colordiffuse>$INFO[ListItem.Label2]</colordiffuse>
							<aspectratio>stretch</aspectratio>
						</control>
					</control>
				</focusedlayout>
			</control>
			<control type="label">
				<description>name of colour</description>
				<left>1095</left>
				<top>795</top>
				<width>450</width>
				<height>53</height>
				<font>font12</font>
				<align>right</align>
				<aligny>center</aligny>
				<scroll>true</scroll>
				<textcolor>grey</textcolor>
				<label>[COLOR button_focus]$LOCALIZE[737]: [/COLOR]$INFO[Container(6).ListItem.Label,, - ]$INFO[Container(6).ListItem.Label2,#,]</label>
			</control>
		</control>
	</controls>
</window>
