{
	"add_cookies": 
		{
		  "a": "a"
		},
	"add_headers": 
		[
			{
				"name" : "User-Agent", "value" : "Mozilla/5.0 (Windows NT 6.1; Win64; x64) AppleWebKit/537.36 (KHTML, like Gecko) Chrome/108.0.0.0 Safari/537.36"
			},
			{
				"name" : "Accept", "value" : "text/html,application/xhtml+xml,application/xml;q=0.9,image/avif,image/webp,image/apng,*/*;q=0.8,application/signed-exchange;v=b3;q=0.9"
			},
			{
				"name" : "Accept-Encoding", "value" : "gzip, deflate, br"
			},
			{
				"name" : "Accept-Language", "value" : "cs-CZ,cs;q=0.9,en;q=0.8,sk;q=0.7"
			},
			{
				"name" : "DNT", "value" : "1"
			},
			{
				"name" : "Upgrade-Insecure-Requests", "value" : "1"
			},
			{
				"name" : "Connection", "value" : "keep-alive"
			},
			{
				"name" : "Host", "value" : "www.titulky.com"
			}
		]
}