<?xml version="1.0" encoding="UTF-8"?>
<window>
	<defaultcontrol always="true">11</defaultcontrol>
	<coordinates>
		<left>1170</left>
		<top>45</top>
	</coordinates>
	<include>dialogeffect</include>
	<controls>
		<control type="group">
			<control type="image">
				<description>background image</description>
				<left>0</left>
				<top>0</top>
				<width>720</width>
				<height>990</height>
				<texture border="40">DialogBack2.png</texture>
			</control>
			<control type="button">
				<description>Close Window button</description>
				<left>585</left>
				<top>23</top>
				<width>96</width>
				<height>48</height>
				<label />
				<font />
				<onclick>PreviousMenu</onclick>
				<texturefocus>DialogCloseButton-focus.png</texturefocus>
				<texturenofocus>DialogCloseButton.png</texturenofocus>
				<onleft>2</onleft>
				<onright>2</onright>
				<onup>2</onup>
				<ondown>2</ondown>
				<visible>system.getbool(input.enablemouse)</visible>
			</control>
			<control type="image">
				<description>Dialog Header image</description>
				<left>60</left>
				<top>24</top>
				<width>600</width>
				<height>75</height>
				<texture>dialogheader.png</texture>
			</control>
			<control type="label">
				<description>header label</description>
				<left>60</left>
				<top>24</top>
				<width>645</width>
				<height>60</height>
				<font>font12_title</font>
				<label>$LOCALIZE[19023] - $INFO[VideoPlayer.ChannelGroup]</label>
				<align>center</align>
				<aligny>center</aligny>
				<textcolor>blue</textcolor>
				<shadowcolor>black</shadowcolor>
				<visible>!pvr.IsPlayingRadio</visible>
			</control>
			<control type="label">
				<description>header label</description>
				<left>60</left>
				<top>24</top>
				<width>645</width>
				<height>60</height>
				<font>font12_title</font>
				<label>$LOCALIZE[19024] - $INFO[MusicPlayer.ChannelGroup]</label>
				<align>center</align>
				<aligny>center</aligny>
				<textcolor>blue</textcolor>
				<shadowcolor>black</shadowcolor>
				<visible>pvr.IsPlayingRadio</visible>
			</control>
			<control type="label">
				<description>header label</description>
				<left>60</left>
				<top>-11</top>
				<width>645</width>
				<height>180</height>
				<font>font10_title</font>
				<label>$INFO[System.Date(DDD)], $INFO[System.Date(d)] $INFO[System.Date(mmm)] $INFO[System.Date(yyyy)] • $INFO[System.Time]</label>
				<align>center</align>
				<aligny>center</aligny>
				<textcolor>grey</textcolor>
				<shadowcolor>black</shadowcolor>
			</control>
			<control type="list" id="11">
				<left>45</left>
				<top>105</top>
				<width>615</width>
				<height>780</height>
				<onleft>PreviousChannelGroup</onleft>
				<onright>60</onright>
				<onup>11</onup>
				<ondown>11</ondown>
				<viewtype label="535">list</viewtype>
				<pagecontrol>60</pagecontrol>
				<scrolltime>200</scrolltime>
				<itemlayout height="105" width="615">
					<control type="image">
						<left>0</left>
						<top>0</top>
						<width>615</width>
						<height>98</height>
						<texture border="5">button-nofocus.png</texture>
						<include>VisibleFadeEffect</include>
					</control>
					<control type="label">
						<left>8</left>
						<top>0</top>
						<width>60</width>
						<height>45</height>
						<font>font12</font>
						<align>left</align>
						<aligny>center</aligny>
						<textcolor>grey</textcolor>
						<selectedcolor>grey</selectedcolor>
						<info>ListItem.ChannelNumberLabel</info>
					</control>
					<control type="image">
						<left>8</left>
						<top>53</top>
						<width>30</width>
						<height>30</height>
						<texture>PVR-IsRecording.png</texture>
						<visible>ListItem.IsRecording</visible>
					</control>
					<control type="image">
						<left>8</left>
						<top>53</top>
						<width>30</width>
						<height>30</height>
						<texture>PVR-HasArchive.png</texture>
						<visible>!ListItem.IsRecording + ListItem.HasArchive</visible>
					</control>
					<control type="label">
						<left>75</left>
						<top>0</top>
						<width>525</width>
						<height>38</height>
						<font>font13</font>
						<textcolor>white</textcolor>
						<selectedcolor>selected</selectedcolor>
						<align>left</align>
						<aligny>center</aligny>
						<label>$INFO[ListItem.Label]</label>
					</control>
					<control type="label">
						<left>75</left>
						<top>38</top>
						<width>525</width>
						<height>30</height>
						<font>font12</font>
						<textcolor>grey</textcolor>
						<selectedcolor>grey</selectedcolor>
						<align>left</align>
						<aligny>center</aligny>
						<label>$INFO[ListItem.Title]</label>
						<visible>String.IsEmpty(Listitem.Icon)</visible>
					</control>
					<control type="label">
						<left>75</left>
						<top>38</top>
						<width>450</width>
						<height>30</height>
						<font>font12</font>
						<textcolor>grey</textcolor>
						<selectedcolor>grey</selectedcolor>
						<align>left</align>
						<aligny>center</aligny>
						<label>$INFO[ListItem.Title]</label>
						<visible>!String.IsEmpty(Listitem.Icon)</visible>
					</control>
					<control type="label">
						<left>75</left>
						<top>66</top>
						<width>90</width>
						<height>30</height>
						<font>font10_title</font>
						<textcolor>blue</textcolor>
						<selectedcolor>blue</selectedcolor>
						<aligny>center</aligny>
						<label>$INFO[ListItem.StartTime]</label>
						<visible>ListItem.HasEpg</visible>
					</control>
					<control type="progress">
						<description>Progressbar</description>
						<left>165</left>
						<top>80</top>
						<width>345</width>
						<height>9</height>
						<colordiffuse>88FFFFFF</colordiffuse>
						<info>ListItem.Progress</info>
						<texturebg border="4,5,4,5">ProgressBack.png</texturebg>
						<midtexture border="4,5,4,5">ProgressMid.png</midtexture>
						<visible>ListItem.HasEpg</visible>
					</control>
					<control type="label">
						<left>533</left>
						<top>66</top>
						<width>90</width>
						<height>30</height>
						<font>font10_title</font>
						<textcolor>blue</textcolor>
						<selectedcolor>blue</selectedcolor>
						<aligny>center</aligny>
						<label>$INFO[ListItem.EndTime]</label>
						<visible>ListItem.HasEpg</visible>
					</control>
					<control type="image">
						<left>540</left>
						<top>6</top>
						<width>60</width>
						<height>60</height>
						<texture>$INFO[ListItem.Icon]</texture>
						<aspectratio>keep</aspectratio>
					</control>
				</itemlayout>
				<focusedlayout height="105" width="615">
					<control type="image">
						<left>0</left>
						<top>0</top>
						<width>615</width>
						<height>98</height>
						<texture border="5">button-nofocus.png</texture>
						<visible>!Control.HasFocus(11)</visible>
						<include>VisibleFadeEffect</include>
					</control>
					<control type="image">
						<left>0</left>
						<top>0</top>
						<width>615</width>
						<height>98</height>
						<texture border="5">button-focus2.png</texture>
						<visible>Control.HasFocus(11)</visible>
						<include>VisibleFadeEffect</include>
					</control>
					<control type="label">
						<left>8</left>
						<top>0</top>
						<width>60</width>
						<height>45</height>
						<font>font12</font>
						<align>left</align>
						<aligny>center</aligny>
						<textcolor>grey</textcolor>
						<selectedcolor>grey</selectedcolor>
						<info>ListItem.ChannelNumberLabel</info>
					</control>
					<control type="image">
						<left>8</left>
						<top>53</top>
						<width>30</width>
						<height>30</height>
						<texture>PVR-IsRecording.png</texture>
						<visible>ListItem.IsRecording</visible>
					</control>
					<control type="image">
						<left>8</left>
						<top>53</top>
						<width>30</width>
						<height>30</height>
						<texture>PVR-HasArchive.png</texture>
						<visible>!ListItem.IsRecording + ListItem.HasArchive</visible>
					</control>
					<control type="label">
						<left>75</left>
						<top>0</top>
						<width>525</width>
						<height>38</height>
						<font>font13</font>
						<textcolor>white</textcolor>
						<selectedcolor>selected</selectedcolor>
						<align>left</align>
						<aligny>center</aligny>
						<label>$INFO[ListItem.Label]</label>
					</control>
					<control type="label">
						<left>75</left>
						<top>38</top>
						<width>525</width>
						<height>30</height>
						<font>font12</font>
						<textcolor>grey</textcolor>
						<selectedcolor>grey</selectedcolor>
						<align>left</align>
						<aligny>center</aligny>
						<label>$INFO[ListItem.Title]</label>
						<visible>String.IsEmpty(Listitem.Icon)</visible>
					</control>
					<control type="label">
						<left>75</left>
						<top>38</top>
						<width>450</width>
						<height>30</height>
						<font>font12</font>
						<textcolor>grey</textcolor>
						<selectedcolor>grey</selectedcolor>
						<align>left</align>
						<aligny>center</aligny>
						<label>$INFO[ListItem.Title]</label>
						<visible>!String.IsEmpty(Listitem.Icon)</visible>
					</control>
					<control type="label">
						<left>75</left>
						<top>66</top>
						<width>90</width>
						<height>30</height>
						<font>font10_title</font>
						<textcolor>blue</textcolor>
						<selectedcolor>blue</selectedcolor>
						<aligny>center</aligny>
						<label>$INFO[ListItem.StartTime]</label>
						<visible>ListItem.HasEpg</visible>
					</control>
					<control type="progress">
						<description>Progressbar</description>
						<left>165</left>
						<top>80</top>
						<width>345</width>
						<height>9</height>
						<colordiffuse>88FFFFFF</colordiffuse>
						<info>ListItem.Progress</info>
						<texturebg border="4,5,4,5">ProgressBack.png</texturebg>
						<midtexture border="4,5,4,5">ProgressMid.png</midtexture>
						<visible>ListItem.HasEpg</visible>
					</control>
					<control type="label">
						<left>533</left>
						<top>66</top>
						<width>90</width>
						<height>30</height>
						<font>font10_title</font>
						<textcolor>blue</textcolor>
						<selectedcolor>blue</selectedcolor>
						<aligny>center</aligny>
						<label>$INFO[ListItem.EndTime]</label>
						<visible>ListItem.HasEpg</visible>
					</control>
					<control type="image">
						<left>540</left>
						<top>6</top>
						<width>60</width>
						<height>60</height>
						<texture>$INFO[ListItem.Icon]</texture>
						<aspectratio>keep</aspectratio>
					</control>
				</focusedlayout>
			</control>
			<control type="scrollbar" id="60">
				<left>660</left>
				<top>105</top>
				<width>38</width>
				<height>780</height>
				<texturesliderbackground border="0,28,0,28">ScrollBarV.png</texturesliderbackground>
				<texturesliderbar border="0,28,0,28">ScrollBarV_bar.png</texturesliderbar>
				<texturesliderbarfocus border="0,28,0,28">ScrollBarV_bar_focus.png</texturesliderbarfocus>
				<textureslidernib>ScrollBarNib.png</textureslidernib>
				<textureslidernibfocus>ScrollBarNib.png</textureslidernibfocus>
				<onleft>11</onleft>
				<onright>NextChannelGroup</onright>
				<ondown>61</ondown>
				<onup>61</onup>
				<showonepage>false</showonepage>
				<orientation>vertical</orientation>
			</control>
			<control type="label">
				<description>Page Count Label</description>
				<left>75</left>
				<top>915</top>
				<width>600</width>
				<height>30</height>
				<font>font12</font>
				<textcolor>grey</textcolor>
				<scroll>false</scroll>
				<align>right</align>
				<aligny>center</aligny>
				<label>([COLOR=blue]$INFO[Container(11).NumItems][/COLOR]) $LOCALIZE[19019] - $LOCALIZE[31024] ([COLOR=blue]$INFO[Container(11).CurrentPage]/$INFO[Container(11).NumPages][/COLOR])</label>
				<include>Window_OpenClose_Animation</include>
			</control>
		</control>
	</controls>
</window>
