<?xml version="1.0" encoding="UTF-8"?>
    <addon id="repository.JimmyS84" name="JimmyS84 repository" version="1.0.1" provider-name="JimmyS84">
        <requires>
            <import addon="xbmc.addon" version="12.0.0"/>
        </requires>
        <extension point="xbmc.addon.repository" name="JimmyS84 repository">
			<dir minversion="17.9.0">
				<info compressed="false">https://raw.githubusercontent.com/JimmyS83/repository.JimmyS84/master/_repo/addons.xml</info>
				<checksum>https://raw.githubusercontent.com/JimmyS83/repository.JimmyS84/master/_repo/addons.xml.md5</checksum>
				<datadir zip="true">https://raw.githubusercontent.com/JimmyS83/repository.JimmyS84/master/_repo/</datadir>
				<hashes>false</hashes>
			</dir>
			<dir minversion="18.9.0">
				<info compressed="false">https://raw.githubusercontent.com/JimmyS83/repository.JimmyS84/master/_repo/matrix/addons.xml</info>
				<checksum>https://raw.githubusercontent.com/JimmyS83/repository.JimmyS84/master/_repo/matrix/addons.xml.md5</checksum>
				<datadir zip="true">https://raw.githubusercontent.com/JimmyS83/repository.JimmyS84/master/_repo/matrix/</datadir>
				<hashes>false</hashes>
			</dir>
        </extension>
        <extension point="xbmc.addon.metadata">
            <summary>JimmyS84 Addons</summary>
            <description>Improved things for Kodi.</description>
            <platform>all</platform>
    </extension>
</addon>