<?xml version="1.0" encoding="UTF-8" standalone="yes"?>
<addon id="metadata.csfd.cz.python"
       name="ČSFD.cz python"
       version="1.4.1"
       provider-name="JimmyS">
  <requires>
    <import addon="xbmc.metadata" version="2.1.0"/>
    <import addon="xbmc.python" version="2.26.0"/>
  </requires>
  <extension point="xbmc.metadata.scraper.movies"
             library="python/scraper.py"/>
  <extension point="xbmc.addon.metadata">
	<summary lang="cs_CZ">Stahovač informací k filmům z ČSFD</summary>
	<description lang="cs">Stahuje informace o filmech z ČSFD.cz (kombinovaně s tmdb.org).</description>
    <reuselanguageinvoker>true</reuselanguageinvoker>
    <platform>all</platform>
    <license>GPL-2.0-or-later</license>
    <website>https://www.csfd.cz</website>
    <assets>
      <icon>resources/icon.png</icon>
    </assets>
  </extension>
</addon>
