<?xml version="1.0" encoding="UTF-8"?>
<addon id="plugin.video.infocz"
version="0.0.4"
name="Info.Cz Kodi Video Plugin"
provider-name="Petr Čermák">
<requires>
  <import addon="xbmc.python" version="2.25.0"/>
  <import addon="script.module.dmd-czech.common" version="1.5.5"/>
  <import addon="script.module.feedparser" version="5.1.3"/>
  <import addon="script.module.beautifulsoup4" version="4.5.3"/>
</requires>
<extension point="xbmc.python.pluginsource" library="main.py">
  <provides>video</provides>
</extension>
<extension point="xbmc.addon.metadata">
  <summary lang="en">INFO.cz</summary>
  <description>Video plugin for Czech news server info.cz.</description>
  <description lang="cs">Doplněk pro přehrávání videí z českého zpravodajského webu info.cz.</description>
  <assets>
    <icon>resources\info-logo.jpg</icon>
    <fanart>resources\strunc.jpg</fanart>  
  </assets>
  <news>First alpha release</news>
</extension>
</addon>
