<?xml version="1.0" encoding="UTF-8" standalone="yes"?>
<addon id="script.365.epg.generator"
       name="365 EPG Generator"
       version="1.4.0"
       provider-name="Sároš">
    <requires>
        <import addon="xbmc.python" version="2.19.0"/>
        <import addon="script.module.beautifulsoup4" version="4.6.2"/>
    </requires>
    <extension point="xbmc.python.script" library="main.py"/>
    <extension point="xbmc.service" library="service.py"/>
    <extension point="xbmc.addon.metadata">
        <description lang="en">XML Generator for EPG.</description>
        <platform>all</platform>
        <language/>
        <license>GNU GENERAL PUBLIC LICENSE. Version 3, 29 June 2007</license>
    </extension>
</addon>
