<?xml version="1.0" encoding="UTF-8"?>
<includes>
	<include name="HomeRecentlyAddedInfo">
		<control type="group" id="9003">
			<depth>DepthMenu</depth>
			<onup>20</onup>
			<ondown condition="Control.IsVisible(600)">600</ondown>
			<ondown condition="!Control.IsVisible(600)">9000</ondown>
			<visible>!Window.IsVisible(Favourites)</visible>
			<include>VisibleFadeEffect</include>
			<animation effect="fade" time="225" delay="750">WindowOpen</animation>
			<animation effect="fade" time="150">WindowClose</animation>
			<control type="group">
				<left>285</left>
				<top>75</top>
				<visible>Library.HasContent(Movies)</visible>
				<visible>Container(9000).Hasfocus(10) + !Skin.HasSetting(HomepageHideRecentlyAddedVideo) + !Skin.HasSetting(HomeMenuMovieUsePlaylist)</visible>
				<include>VisibleFadeEffect</include>
				<control type="label">
					<description>Title label</description>
					<left>270</left>
					<top>330</top>
					<height>30</height>
					<width>810</width>
					<label>20386</label>
					<align>center</align>
					<aligny>center</aligny>
					<font>font12_title</font>
					<textcolor>white</textcolor>
					<shadowcolor>black</shadowcolor>
				</control>
				<control type="list" id="8000">
					<animation effect="slide" start="0,0" end="135,0" time="0" condition="String.IsEqual(Container(8000).NumItems,4)">conditional</animation>
					<animation effect="slide" start="0,0" end="270,0" time="0" condition="String.IsEqual(Container(8000).NumItems,3)">conditional</animation>
					<animation effect="slide" start="0,0" end="405,0" time="0" condition="String.IsEqual(Container(8000).NumItems,2)">conditional</animation>
					<animation effect="slide" start="0,0" end="540,0" time="0" condition="String.IsEqual(Container(8000).NumItems,1)">conditional</animation>
					<left>0</left>
					<top>0</top>
					<width>1350</width>
					<height>330</height>
					<onleft>8000</onleft>
					<onright>8000</onright>
					<onup>20</onup>
					<ondown condition="Control.IsVisible(600)">600</ondown>
					<ondown condition="!Control.IsVisible(600)">9000</ondown>
					<viewtype label="535">list</viewtype>
					<pagecontrol />
					<scrolltime>200</scrolltime>
					<orientation>Horizontal</orientation>
					<itemlayout height="330" width="270">
						<control type="image">
							<description>background</description>
							<left>0</left>
							<top>0</top>
							<width>270</width>
							<height>330</height>
							<texture border="15">RecentAddedBack.png</texture>
						</control>
						<control type="image">
							<left>15</left>
							<top>15</top>
							<width>240</width>
							<height>233</height>
							<texture fallback="DefaultVideoCover.png" background="true">$INFO[ListItem.Icon]</texture>
							<aspectratio>keep</aspectratio>
							<bordertexture infill="false" border="5">button-nofocus.png</bordertexture>
							<bordersize>5</bordersize>
						</control>
						<control type="label">
							<left>23</left>
							<top>252</top>
							<width>225</width>
							<height>30</height>
							<font>font10</font>
							<textcolor>grey2</textcolor>
							<shadowcolor>black</shadowcolor>
							<selectedcolor>selected</selectedcolor>
							<align>center</align>
							<aligny>center</aligny>
							<visible>!String.IsEqual(ListItem.Label2,ListItem.Label)</visible>
							<label>$INFO[ListItem.Label2]</label>
						</control>
						<control type="label">
							<left>23</left>
							<top>278</top>
							<width>225</width>
							<height>30</height>
							<font>font12</font>
							<textcolor>white</textcolor>
							<shadowcolor>black</shadowcolor>
							<selectedcolor>selected</selectedcolor>
							<align>center</align>
							<aligny>center</aligny>
							<label>$INFO[ListItem.Label]</label>
						</control>
					</itemlayout>
					<focusedlayout height="330" width="270">
						<control type="image">
							<description>background</description>
							<left>0</left>
							<top>0</top>
							<width>270</width>
							<height>330</height>
							<texture border="15">RecentAddedBack.png</texture>
						</control>
						<control type="image">
							<left>15</left>
							<top>15</top>
							<width>240</width>
							<height>233</height>
							<texture fallback="DefaultVideoCover.png" background="true">$INFO[ListItem.Icon]</texture>
							<aspectratio>keep</aspectratio>
							<bordertexture infill="false" border="5">folder-focus.png</bordertexture>
							<bordersize>5</bordersize>
							<visible>Control.HasFocus(8000)</visible>
						</control>
						<control type="image">
							<left>15</left>
							<top>15</top>
							<width>240</width>
							<height>233</height>
							<texture fallback="DefaultVideoCover.png">$INFO[ListItem.Icon]</texture>
							<aspectratio>keep</aspectratio>
							<bordertexture infill="false" border="5">button-nofocus.png</bordertexture>
							<bordersize>5</bordersize>
							<visible>!Control.HasFocus(8000)</visible>
						</control>
						<control type="label">
							<left>23</left>
							<top>252</top>
							<width>225</width>
							<height>30</height>
							<font>font10</font>
							<textcolor>grey2</textcolor>
							<shadowcolor>black</shadowcolor>
							<selectedcolor>selected</selectedcolor>
							<align>center</align>
							<aligny>center</aligny>
							<visible>!String.IsEqual(ListItem.Label2,ListItem.Label)</visible>
							<label>$INFO[ListItem.Label2]</label>
						</control>
						<control type="label">
							<left>23</left>
							<top>278</top>
							<width>225</width>
							<height>30</height>
							<font>font12</font>
							<textcolor>white</textcolor>
							<shadowcolor>black</shadowcolor>
							<selectedcolor>selected</selectedcolor>
							<align>center</align>
							<aligny>center</aligny>
							<label>$INFO[ListItem.Label]</label>
							<visible>!Control.HasFocus(8000)</visible>
						</control>
						<control type="label">
							<left>23</left>
							<top>278</top>
							<width>225</width>
							<height>30</height>
							<font>font12</font>
							<textcolor>blue</textcolor>
							<selectedcolor>selected</selectedcolor>
							<align>center</align>
							<aligny>center</aligny>
							<label>$INFO[ListItem.Label]</label>
							<visible>Control.HasFocus(8000)</visible>
						</control>
					</focusedlayout>
					<content>
						<item>
							<label>$INFO[Window.Property(RecentMovie.1.Title)]</label>
							<label2>$INFO[Window.Property(RecentMovie.1.OriginalTitle)]</label2>
							<onclick>PlayMedia($ESCINFO[Window.Property(RecentMovie.1.File)])</onclick>
							<icon>-</icon>
							<thumb>$INFO[Window.Property(RecentMovie.1.Art(poster))]</thumb>
							<visible>!String.IsEmpty(Window.Property(RecentMovie.1.Title))</visible>
						</item>
						<item>
							<label>$INFO[Window.Property(RecentMovie.2.Title)]</label>
							<label2>$INFO[Window.Property(RecentMovie.2.OriginalTitle)]</label2>
							<onclick>PlayMedia($ESCINFO[Window.Property(RecentMovie.2.File)])</onclick>
							<icon>-</icon>
							<thumb>$INFO[Window.Property(RecentMovie.2.Art(poster))]</thumb>
							<visible>!String.IsEmpty(Window.Property(RecentMovie.2.Title))</visible>
						</item>
						<item>
							<label>$INFO[Window.Property(RecentMovie.3.Title)]</label>
							<label2>$INFO[Window.Property(RecentMovie.3.OriginalTitle)]</label2>
							<onclick>PlayMedia($ESCINFO[Window.Property(RecentMovie.3.File)])</onclick>
							<icon>-</icon>
							<thumb>$INFO[Window.Property(RecentMovie.3.Art(poster))]</thumb>
							<visible>!String.IsEmpty(Window.Property(RecentMovie.3.Title))</visible>
						</item>
						<item>
							<label>$INFO[Window.Property(RecentMovie.4.Title)]</label>
							<label2>$INFO[Window.Property(RecentMovie.4.OriginalTitle)]</label2>
							<onclick>PlayMedia($ESCINFO[Window.Property(RecentMovie.4.File)])</onclick>
							<icon>-</icon>
							<thumb>$INFO[Window.Property(RecentMovie.4.Art(poster))]</thumb>
							<visible>!String.IsEmpty(Window.Property(RecentMovie.4.Title))</visible>
						</item>
						<item>
							<label>$INFO[Window.Property(RecentMovie.5.Title)]</label>
							<label2>$INFO[Window.Property(RecentMovie.5.OriginalTitle)]</label2>
							<onclick>PlayMedia($ESCINFO[Window.Property(RecentMovie.5.File)])</onclick>
							<icon>-</icon>
							<thumb>$INFO[Window.Property(RecentMovie.5.Art(poster))]</thumb>
							<visible>!String.IsEmpty(Window.Property(RecentMovie.5.Title))</visible>
						</item>
						<item>
							<label>$INFO[Window.Property(RecentMovie.6.Title)]</label>
							<label2>$INFO[Window.Property(RecentMovie.6.OriginalTitle)]</label2>
							<onclick>PlayMedia($ESCINFO[Window.Property(RecentMovie.6.File)])</onclick>
							<icon>-</icon>
							<thumb>$INFO[Window.Property(RecentMovie.6.Art(poster))]</thumb>
							<visible>!String.IsEmpty(Window.Property(RecentMovie.6.Title))</visible>
						</item>
						<item>
							<label>$INFO[Window.Property(RecentMovie.7.Title)]</label>
							<label2>$INFO[Window.Property(RecentMovie.7.OriginalTitle)]</label2>
							<onclick>PlayMedia($ESCINFO[Window.Property(RecentMovie.7.File)])</onclick>
							<icon>-</icon>
							<thumb>$INFO[Window.Property(RecentMovie.7.Art(poster))]</thumb>
							<visible>!String.IsEmpty(Window.Property(RecentMovie.7.Title))</visible>
						</item>
						<item>
							<label>$INFO[Window.Property(RecentMovie.8.Title)]</label>
							<label2>$INFO[Window.Property(RecentMovie.8.OriginalTitle)]</label2>
							<onclick>PlayMedia($ESCINFO[Window.Property(RecentMovie.8.File)])</onclick>
							<icon>-</icon>
							<thumb>$INFO[Window.Property(RecentMovie.8.Art(poster))]</thumb>
							<visible>!String.IsEmpty(Window.Property(RecentMovie.8.Title))</visible>
						</item>
						<item>
							<label>$INFO[Window.Property(RecentMovie.9.Title)]</label>
							<label2>$INFO[Window.Property(RecentMovie.9.OriginalTitle)]</label2>
							<onclick>PlayMedia($ESCINFO[Window.Property(RecentMovie.9.File)])</onclick>
							<icon>-</icon>
							<thumb>$INFO[Window.Property(RecentMovie.9.Art(poster))]</thumb>
							<visible>!String.IsEmpty(Window.Property(RecentMovie.9.Title))</visible>
						</item>
						<item>
							<label>$INFO[Window.Property(RecentMovie.10.Title)]</label>
							<label2>$INFO[Window.Property(RecentMovie.10.OriginalTitle)]</label2>
							<onclick>PlayMedia($ESCINFO[Window.Property(RecentMovie.10.File)])</onclick>
							<icon>-</icon>
							<thumb>$INFO[Window.Property(RecentMovie.10.Art(poster))]</thumb>
							<visible>!String.IsEmpty(Window.Property(RecentMovie.10.Title))</visible>
						</item>
					</content>
				</control>
				<control type="button">
					<description>left Arrow</description>
					<left>-60</left>
					<top>135</top>
					<width>45</width>
					<height>60</height>
					<texturefocus>arrow-big-left.png</texturefocus>
					<texturenofocus>arrow-big-left.png</texturenofocus>
					<onclick>Control.Move(8000,-1)</onclick>
					<visible>Control.HasFocus(8000) + Container(8000).HasPrevious</visible>
					<include>VisibleFadeEffect</include>
				</control>
				<control type="button">
					<description>right Arrow</description>
					<left>1365</left>
					<top>135</top>
					<width>45</width>
					<height>60</height>
					<texturefocus>arrow-big-right.png</texturefocus>
					<texturenofocus>arrow-big-right.png</texturenofocus>
					<onclick>Control.Move(8000,1)</onclick>
					<visible>Control.HasFocus(8000) + Container(8000).HasNext</visible>
					<include>VisibleFadeEffect</include>
				</control>
			</control>
			<control type="group">
				<left>240</left>
				<top>75</top>
				<visible>Library.HasContent(TVShows)</visible>
				<visible>Container(9000).Hasfocus(11) + !Skin.HasSetting(HomepageHideRecentlyAddedVideo) + !Skin.HasSetting(HomeMenuTVShowUsePlaylist)</visible>
				<include>VisibleFadeEffect</include>
				<control type="label">
					<description>Title label</description>
					<left>360</left>
					<top>330</top>
					<height>30</height>
					<width>720</width>
					<label>20387</label>
					<align>center</align>
					<aligny>center</aligny>
					<font>font12_title</font>
					<textcolor>white</textcolor>
					<shadowcolor>black</shadowcolor>
				</control>
				<control type="list" id="8001">
					<animation effect="slide" start="0,0" end="180,0" time="0" condition="String.IsEqual(Container(8001).NumItems,3)">conditional</animation>
					<animation effect="slide" start="0,0" end="360,0" time="0" condition="String.IsEqual(Container(8001).NumItems,2)">conditional</animation>
					<animation effect="slide" start="0,0" end="540,0" time="0" condition="String.IsEqual(Container(8001).NumItems,1)">conditional</animation>
					<left>0</left>
					<top>0</top>
					<width>1440</width>
					<height>360</height>
					<onleft>8001</onleft>
					<onright>8001</onright>
					<onup>20</onup>
					<ondown condition="Control.IsVisible(600)">600</ondown>
					<ondown condition="!Control.IsVisible(600)">9000</ondown>
					<viewtype label="535">list</viewtype>
					<pagecontrol />
					<scrolltime>200</scrolltime>
					<orientation>Horizontal</orientation>
					<itemlayout height="330" width="360">
						<control type="image">
							<description>background</description>
							<left>0</left>
							<top>0</top>
							<width>360</width>
							<height>330</height>
							<texture border="15">RecentAddedBack.png</texture>
						</control>
						<control type="image">
							<left>15</left>
							<top>15</top>
							<width>330</width>
							<height>233</height>
							<aspectratio>scale</aspectratio>
							<texture background="true">$INFO[ListItem.Icon]</texture>
							<bordertexture infill="false" border="5">button-nofocus.png</bordertexture>
							<bordersize>5</bordersize>
						</control>
						<control type="label">
							<left>30</left>
							<top>252</top>
							<width>300</width>
							<height>30</height>
							<font>font10</font>
							<textcolor>grey2</textcolor>
							<shadowcolor>black</shadowcolor>
							<selectedcolor>selected</selectedcolor>
							<align>center</align>
							<aligny>center</aligny>
							<label>$INFO[ListItem.Label2]</label>
						</control>
						<control type="label">
							<left>30</left>
							<top>278</top>
							<width>300</width>
							<height>30</height>
							<font>font12</font>
							<textcolor>white</textcolor>
							<shadowcolor>black</shadowcolor>
							<selectedcolor>selected</selectedcolor>
							<align>center</align>
							<aligny>center</aligny>
							<label>$INFO[ListItem.Label]</label>
						</control>
					</itemlayout>
					<focusedlayout height="330" width="360">
						<control type="image">
							<description>background</description>
							<left>0</left>
							<top>0</top>
							<width>360</width>
							<height>330</height>
							<texture border="15">RecentAddedBack.png</texture>
						</control>
						<control type="image">
							<left>15</left>
							<top>15</top>
							<width>330</width>
							<height>233</height>
							<aspectratio>scale</aspectratio>
							<texture background="true">$INFO[ListItem.Icon]</texture>
							<bordertexture infill="false" border="5">folder-focus.png</bordertexture>
							<bordersize>5</bordersize>
							<visible>Control.HasFocus(8001)</visible>
						</control>
						<control type="image">
							<left>15</left>
							<top>15</top>
							<width>330</width>
							<height>233</height>
							<aspectratio>scale</aspectratio>
							<texture>$INFO[ListItem.Icon]</texture>
							<bordertexture infill="false" border="5">button-nofocus.png</bordertexture>
							<bordersize>5</bordersize>
							<visible>!Control.HasFocus(8001)</visible>
						</control>
						<control type="label">
							<left>30</left>
							<top>252</top>
							<width>300</width>
							<height>30</height>
							<font>font10</font>
							<textcolor>grey2</textcolor>
							<shadowcolor>black</shadowcolor>
							<selectedcolor>selected</selectedcolor>
							<align>center</align>
							<aligny>center</aligny>
							<label>$INFO[ListItem.Label2]</label>
						</control>
						<control type="label">
							<left>30</left>
							<top>278</top>
							<width>300</width>
							<height>30</height>
							<font>font12</font>
							<textcolor>white</textcolor>
							<shadowcolor>black</shadowcolor>
							<selectedcolor>selected</selectedcolor>
							<align>center</align>
							<aligny>center</aligny>
							<label>$INFO[ListItem.Label]</label>
							<visible>!Control.HasFocus(8001)</visible>
						</control>
						<control type="label">
							<left>30</left>
							<top>278</top>
							<width>300</width>
							<height>30</height>
							<font>font12</font>
							<textcolor>blue</textcolor>
							<selectedcolor>selected</selectedcolor>
							<align>center</align>
							<aligny>center</aligny>
							<label>$INFO[ListItem.Label]</label>
							<visible>Control.HasFocus(8001)</visible>
						</control>
					</focusedlayout>
					<content>
						<item>
							<label>$INFO[Window.Property(RecentEpisode.2.Title)]</label>
							<label2>$INFO[Window.Property(RecentEpisode.2.TVShowTitle)] - $INFO[Window.Property(RecentEpisode.2.EpisodeNo)]</label2>
							<onclick>PlayMedia($ESCINFO[Window.Property(RecentEpisode.1.File)])</onclick>
							<icon>-</icon>
							<thumb>$INFO[Window.Property(RecentEpisode.1.Art(thumb))]</thumb>
							<visible>!String.IsEmpty(Window.Property(RecentEpisode.1.Title))</visible>
						</item>
						<item>
							<label>$INFO[Window.Property(RecentEpisode.2.Title)]</label>
							<label2>$INFO[Window.Property(RecentEpisode.2.TVShowTitle)] - $INFO[Window.Property(RecentEpisode.2.EpisodeNo)]</label2>
							<onclick>PlayMedia($ESCINFO[Window.Property(RecentEpisode.2.File)])</onclick>
							<icon>-</icon>
							<thumb>$INFO[Window.Property(RecentEpisode.2.Art(thumb))]</thumb>
							<visible>!String.IsEmpty(Window.Property(RecentEpisode.2.Title))</visible>
						</item>
						<item>
							<label>$INFO[Window.Property(RecentEpisode.3.Title)]</label>
							<label2>$INFO[Window.Property(RecentEpisode.3.TVShowTitle)] - $INFO[Window.Property(RecentEpisode.3.EpisodeNo)]</label2>
							<onclick>PlayMedia($ESCINFO[Window.Property(RecentEpisode.3.File)])</onclick>
							<icon>-</icon>
							<thumb>$INFO[Window.Property(RecentEpisode.3.Art(thumb))]</thumb>
							<visible>!String.IsEmpty(Window.Property(RecentEpisode.3.Title))</visible>
						</item>
						<item>
							<label>$INFO[Window.Property(RecentEpisode.4.Title)]</label>
							<label2>$INFO[Window.Property(RecentEpisode.4.TVShowTitle)] - $INFO[Window.Property(RecentEpisode.4.EpisodeNo)]</label2>
							<onclick>PlayMedia($ESCINFO[Window.Property(RecentEpisode.4.File)])</onclick>
							<icon>-</icon>
							<thumb>$INFO[Window.Property(RecentEpisode.4.Art(thumb))]</thumb>
							<visible>!String.IsEmpty(Window.Property(RecentEpisode.4.Title))</visible>
						</item>
						<item>
							<label>$INFO[Window.Property(RecentEpisode.5.Title)]</label>
							<label2>$INFO[Window.Property(RecentEpisode.5.TVShowTitle)] - $INFO[Window.Property(RecentEpisode.5.EpisodeNo)]</label2>
							<onclick>PlayMedia($ESCINFO[Window.Property(RecentEpisode.5.File)])</onclick>
							<icon>-</icon>
							<thumb>$INFO[Window.Property(RecentEpisode.5.Art(thumb))]</thumb>
							<visible>!String.IsEmpty(Window.Property(RecentEpisode.5.Title))</visible>
						</item>
						<item>
							<label>$INFO[Window.Property(RecentEpisode.6.Title)]</label>
							<label2>$INFO[Window.Property(RecentEpisode.6.TVShowTitle)] - $INFO[Window.Property(RecentEpisode.6.EpisodeNo)]</label2>
							<onclick>PlayMedia($ESCINFO[Window.Property(RecentEpisode.6.File)])</onclick>
							<icon>-</icon>
							<thumb>$INFO[Window.Property(RecentEpisode.6.Art(thumb))]</thumb>
							<visible>!String.IsEmpty(Window.Property(RecentEpisode.6.Title))</visible>
						</item>
						<item>
							<label>$INFO[Window.Property(RecentEpisode.7.Title)]</label>
							<label2>$INFO[Window.Property(RecentEpisode.7.TVShowTitle)] - $INFO[Window.Property(RecentEpisode.7.EpisodeNo)]</label2>
							<onclick>PlayMedia($ESCINFO[Window.Property(RecentEpisode.7.File)])</onclick>
							<icon>-</icon>
							<thumb>$INFO[Window.Property(RecentEpisode.7.Art(thumb))]</thumb>
							<visible>!String.IsEmpty(Window.Property(RecentEpisode.7.Title))</visible>
						</item>
						<item>
							<label>$INFO[Window.Property(RecentEpisode.8.Title)]</label>
							<label2>$INFO[Window.Property(RecentEpisode.8.TVShowTitle)] - $INFO[Window.Property(RecentEpisode.8.EpisodeNo)]</label2>
							<onclick>PlayMedia($ESCINFO[Window.Property(RecentEpisode.8.File)])</onclick>
							<icon>-</icon>
							<thumb>$INFO[Window.Property(RecentEpisode.8.Art(thumb))]</thumb>
							<visible>!String.IsEmpty(Window.Property(RecentEpisode.8.Title))</visible>
						</item>
						<item>
							<label>$INFO[Window.Property(RecentEpisode.9.Title)]</label>
							<label2>$INFO[Window.Property(RecentEpisode.9.TVShowTitle)] - $INFO[Window.Property(RecentEpisode.9.EpisodeNo)]</label2>
							<onclick>PlayMedia($ESCINFO[Window.Property(RecentEpisode.9.File)])</onclick>
							<icon>-</icon>
							<thumb>$INFO[Window.Property(RecentEpisode.9.Art(thumb))]</thumb>
							<visible>!String.IsEmpty(Window.Property(RecentEpisode.9.Title))</visible>
						</item>
						<item>
							<label>$INFO[Window.Property(RecentEpisode.10.Title)]</label>
							<label2>$INFO[Window.Property(RecentEpisode.10.TVShowTitle)] - $INFO[Window.Property(RecentEpisode.10.EpisodeNo)]</label2>
							<onclick>PlayMedia($ESCINFO[Window.Property(RecentEpisode.10.File)])</onclick>
							<icon>-</icon>
							<thumb>$INFO[Window.Property(RecentEpisode.10.Art(thumb))]</thumb>
							<visible>!String.IsEmpty(Window.Property(RecentEpisode.10.Title))</visible>
						</item>
					</content>
				</control>
				<control type="button">
					<description>left Arrow</description>
					<left>-60</left>
					<top>135</top>
					<width>45</width>
					<height>60</height>
					<texturefocus>arrow-big-left.png</texturefocus>
					<texturenofocus>arrow-big-left.png</texturenofocus>
					<onclick>Control.Move(8001,-1)</onclick>
					<visible>Control.HasFocus(8001) + Container(8001).HasPrevious</visible>
					<include>VisibleFadeEffect</include>
				</control>
				<control type="button">
					<description>right Arrow</description>
					<left>1455</left>
					<top>135</top>
					<width>45</width>
					<height>60</height>
					<texturefocus>arrow-big-right.png</texturefocus>
					<texturenofocus>arrow-big-right.png</texturenofocus>
					<onclick>Control.Move(8001,1)</onclick>
					<visible>Control.HasFocus(8001) + Container(8001).HasNext</visible>
					<include>VisibleFadeEffect</include>
				</control>
			</control>
			<control type="group">
				<left>360</left>
				<top>75</top>
				<visible>Library.HasContent(Music)</visible>
				<visible>Container(9000).Hasfocus(3) + !Skin.HasSetting(HomepageHideRecentlyAddedAlbums) + !Skin.HasSetting(HomeMenuMusicUsePlaylist)</visible>
				<include>VisibleFadeEffect</include>
				<control type="label">
					<description>Title label</description>
					<left>240</left>
					<top>330</top>
					<height>30</height>
					<width>720</width>
					<label>359</label>
					<align>center</align>
					<aligny>center</aligny>
					<font>font12_title</font>
					<textcolor>white</textcolor>
					<shadowcolor>black</shadowcolor>
				</control>
				<control type="list" id="8002">
					<animation effect="slide" start="0,0" end="150,0" time="0" condition="String.IsEqual(Container(8002).NumItems,3)">conditional</animation>
					<animation effect="slide" start="0,0" end="300,0" time="0" condition="String.IsEqual(Container(8002).NumItems,2)">conditional</animation>
					<animation effect="slide" start="0,0" end="450,0" time="0" condition="String.IsEqual(Container(8002).NumItems,1)">conditional</animation>
					<left>0</left>
					<top>0</top>
					<width>1200</width>
					<height>360</height>
					<onleft>8002</onleft>
					<onright>8002</onright>
					<onup>20</onup>
					<ondown condition="Control.IsVisible(600)">600</ondown>
					<ondown condition="!Control.IsVisible(600)">9000</ondown>
					<viewtype label="535">list</viewtype>
					<pagecontrol />
					<scrolltime>200</scrolltime>
					<orientation>Horizontal</orientation>
					<onclick>PlayMedia($INFO[ListItem.FolderPath],isdir)</onclick>
					<itemlayout height="330" width="300">
						<control type="image">
							<description>background</description>
							<left>0</left>
							<top>0</top>
							<width>300</width>
							<height>330</height>
							<texture border="15">RecentAddedBack.png</texture>
						</control>
						<control type="image">
							<left>15</left>
							<top>15</top>
							<width>270</width>
							<height>233</height>
							<aspectratio>keep</aspectratio>
							<texture fallback="DefaultAlbumCover.png" background="true">$INFO[ListItem.Art(thumb)]</texture>
							<bordertexture infill="false" border="5">button-nofocus.png</bordertexture>
							<bordersize>5</bordersize>
						</control>
						<control type="label">
							<left>15</left>
							<top>255</top>
							<width>270</width>
							<height>30</height>
							<font>font10</font>
							<textcolor>grey2</textcolor>
							<shadowcolor>black</shadowcolor>
							<selectedcolor>selected</selectedcolor>
							<align>center</align>
							<aligny>center</aligny>
							<label>$INFO[ListItem.Artist]</label>
						</control>
						<control type="label">
							<left>15</left>
							<top>285</top>
							<width>270</width>
							<height>30</height>
							<font>font12</font>
							<textcolor>white</textcolor>
							<shadowcolor>black</shadowcolor>
							<selectedcolor>selected</selectedcolor>
							<align>center</align>
							<aligny>center</aligny>
							<label>$INFO[ListItem.Label]</label>
						</control>
					</itemlayout>
					<focusedlayout height="330" width="300">
						<control type="image">
							<description>background</description>
							<left>0</left>
							<top>0</top>
							<width>300</width>
							<height>330</height>
							<texture border="15">RecentAddedBack.png</texture>
						</control>
						<control type="image">
							<left>15</left>
							<top>15</top>
							<width>270</width>
							<height>233</height>
							<aspectratio>keep</aspectratio>
							<texture fallback="DefaultAlbumCover.png" background="true">$INFO[ListItem.Art(thumb)]</texture>
							<bordertexture infill="false" border="5">folder-focus.png</bordertexture>
							<bordersize>5</bordersize>
							<visible>Control.HasFocus(8002)</visible>
						</control>
						<control type="image">
							<left>15</left>
							<top>15</top>
							<width>270</width>
							<height>233</height>
							<aspectratio>keep</aspectratio>
							<texture fallback="DefaultAlbumCover.png" background="true">$INFO[ListItem.Art(thumb)]</texture>
							<bordertexture infill="false" border="5">button-nofocus.png</bordertexture>
							<bordersize>5</bordersize>
							<visible>!Control.HasFocus(8002)</visible>
						</control>
						<control type="label">
							<left>15</left>
							<top>255</top>
							<width>270</width>
							<height>30</height>
							<font>font10</font>
							<textcolor>grey2</textcolor>
							<shadowcolor>black</shadowcolor>
							<selectedcolor>selected</selectedcolor>
							<align>center</align>
							<aligny>center</aligny>
							<label>$INFO[ListItem.Artist]</label>
						</control>
						<control type="label">
							<left>15</left>
							<top>285</top>
							<width>270</width>
							<height>30</height>
							<font>font12</font>
							<textcolor>white</textcolor>
							<shadowcolor>black</shadowcolor>
							<selectedcolor>selected</selectedcolor>
							<align>center</align>
							<aligny>center</aligny>
							<label>$INFO[ListItem.Label]</label>
							<visible>!Control.HasFocus(8002)</visible>
						</control>
						<control type="label">
							<left>15</left>
							<top>285</top>
							<width>270</width>
							<height>30</height>
							<font>font12</font>
							<textcolor>blue</textcolor>
							<selectedcolor>selected</selectedcolor>
							<align>center</align>
							<aligny>center</aligny>
							<label>$INFO[ListItem.Label]</label>
							<visible>Control.HasFocus(8002)</visible>
						</control>
					</focusedlayout>
					<content>
						<item>
							<label>$INFO[Window.Property(LatestAlbum.1.Title)]</label>
							<label2>$INFO[Window.Property(LatestAlbum.1.Artist)]</label2>
							<onclick>PlayList.Clear</onclick>
							<onclick>PlayMedia("$INFO[Window.Property(LatestAlbum.1.Path)]")</onclick>
							<icon>DefaultAlbumCover.png</icon>
							<thumb>$INFO[Window.Property(LatestAlbum.1.Thumb)]</thumb>
							<visible>!String.IsEmpty(Window.Property(LatestAlbum.1.Title))</visible>
						</item>
						<item>
							<label>$INFO[Window.Property(LatestAlbum.2.Title)]</label>
							<label2>$INFO[Window.Property(LatestAlbum.2.Artist)]</label2>
							<onclick>PlayList.Clear</onclick>
							<onclick>PlayMedia("$INFO[Window.Property(LatestAlbum.2.Path)]")</onclick>
							<icon>DefaultAlbumCover.png</icon>
							<thumb>$INFO[Window.Property(LatestAlbum.2.Thumb)]</thumb>
							<visible>!String.IsEmpty(Window.Property(LatestAlbum.2.Title))</visible>
						</item>
						<item>
							<label>$INFO[Window.Property(LatestAlbum.3.Title)]</label>
							<label2>$INFO[Window.Property(LatestAlbum.3.Artist)]</label2>
							<onclick>PlayList.Clear</onclick>
							<onclick>PlayMedia("$INFO[Window.Property(LatestAlbum.3.Path)]")</onclick>
							<icon>DefaultAlbumCover.png</icon>
							<thumb>$INFO[Window.Property(LatestAlbum.3.Thumb)]</thumb>
							<visible>!String.IsEmpty(Window.Property(LatestAlbum.3.Title))</visible>
						</item>
						<item>
							<label>$INFO[Window.Property(LatestAlbum.4.Title)]</label>
							<label2>$INFO[Window.Property(LatestAlbum.4.Artist)]</label2>
							<onclick>PlayList.Clear</onclick>
							<onclick>PlayMedia("$INFO[Window.Property(LatestAlbum.4.Path)]")</onclick>
							<icon>DefaultAlbumCover.png</icon>
							<thumb>$INFO[Window.Property(LatestAlbum.4.Thumb)]</thumb>
							<visible>!String.IsEmpty(Window.Property(LatestAlbum.4.Title))</visible>
						</item>
						<item>
							<label>$INFO[Window.Property(LatestAlbum.5.Title)]</label>
							<label2>$INFO[Window.Property(LatestAlbum.5.Artist)]</label2>
							<onclick>PlayList.Clear</onclick>
							<onclick>PlayMedia("$INFO[Window.Property(LatestAlbum.5.Path)]")</onclick>
							<icon>DefaultAlbumCover.png</icon>
							<thumb>$INFO[Window.Property(LatestAlbum.5.Thumb)]</thumb>
							<visible>!String.IsEmpty(Window.Property(LatestAlbum.5.Title))</visible>
						</item>
						<item>
							<label>$INFO[Window.Property(LatestAlbum.6.Title)]</label>
							<label2>$INFO[Window.Property(LatestAlbum.6.Artist)]</label2>
							<onclick>PlayList.Clear</onclick>
							<onclick>PlayMedia("$INFO[Window.Property(LatestAlbum.6.Path)]")</onclick>
							<icon>DefaultAlbumCover.png</icon>
							<thumb>$INFO[Window.Property(LatestAlbum.6.Thumb)]</thumb>
							<visible>!String.IsEmpty(Window.Property(LatestAlbum.6.Title))</visible>
						</item>
						<item>
							<label>$INFO[Window.Property(LatestAlbum.7.Title)]</label>
							<label2>$INFO[Window.Property(LatestAlbum.7.Artist)]</label2>
							<onclick>PlayList.Clear</onclick>
							<onclick>PlayMedia("$INFO[Window.Property(LatestAlbum.7.Path)]")</onclick>
							<icon>DefaultAlbumCover.png</icon>
							<thumb>$INFO[Window.Property(LatestAlbum.7.Thumb)]</thumb>
							<visible>!String.IsEmpty(Window.Property(LatestAlbum.7.Title))</visible>
						</item>
						<item>
							<label>$INFO[Window.Property(LatestAlbum.8.Title)]</label>
							<label2>$INFO[Window.Property(LatestAlbum.8.Artist)]</label2>
							<onclick>PlayList.Clear</onclick>
							<onclick>PlayMedia("$INFO[Window.Property(LatestAlbum.8.Path)]")</onclick>
							<icon>DefaultAlbumCover.png</icon>
							<thumb>$INFO[Window.Property(LatestAlbum.8.Thumb)]</thumb>
							<visible>!String.IsEmpty(Window.Property(LatestAlbum.8.Title))</visible>
						</item>
						<item>
							<label>$INFO[Window.Property(LatestAlbum.9.Title)]</label>
							<label2>$INFO[Window.Property(LatestAlbum.9.Artist)]</label2>
							<onclick>PlayList.Clear</onclick>
							<onclick>PlayMedia("$INFO[Window.Property(LatestAlbum.9.Path)]")</onclick>
							<icon>DefaultAlbumCover.png</icon>
							<thumb>$INFO[Window.Property(LatestAlbum.9.Thumb)]</thumb>
							<visible>!String.IsEmpty(Window.Property(LatestAlbum.9.Title))</visible>
						</item>
						<item>
							<label>$INFO[Window.Property(LatestAlbum.10.Title)]</label>
							<label2>$INFO[Window.Property(LatestAlbum.10.Artist)]</label2>
							<onclick>PlayList.Clear</onclick>
							<onclick>PlayMedia("$INFO[Window.Property(LatestAlbum.10.Path)]")</onclick>
							<icon>DefaultAlbumCover.png</icon>
							<thumb>$INFO[Window.Property(LatestAlbum.10.Thumb)]</thumb>
							<visible>!String.IsEmpty(Window.Property(LatestAlbum.10.Title))</visible>
						</item>
					</content>
				</control>
				<control type="button">
					<description>left Arrow</description>
					<left>-60</left>
					<top>135</top>
					<width>45</width>
					<height>60</height>
					<texturefocus>arrow-big-left.png</texturefocus>
					<texturenofocus>arrow-big-left.png</texturenofocus>
					<onclick>Control.Move(8002,-1)</onclick>
					<visible>Control.HasFocus(8002) + Container(8002).HasPrevious</visible>
					<include>VisibleFadeEffect</include>
				</control>
				<control type="button">
					<description>right Arrow</description>
					<left>1215</left>
					<top>135</top>
					<width>45</width>
					<height>60</height>
					<texturefocus>arrow-big-right.png</texturefocus>
					<texturenofocus>arrow-big-right.png</texturenofocus>
					<onclick>Control.Move(8002,1)</onclick>
					<visible>Control.HasFocus(8002) + Container(8002).HasNext</visible>
					<include>VisibleFadeEffect</include>
				</control>
			</control>
		</control>
	</include>
</includes>
