﻿<?xml version="1.0" encoding="UTF-8"?>
<scraper date="2015-09-11" content="movies" framework="1.0" language="cs">

<!-- user agent: Mozilla/5.0 (Windows NT 6.1; WOW64; rv:33.0) Gecko/20120101 Firefox/33.0 -->

	<NfoUrl dest="3">
		<RegExp input="$$1" output="&lt;url&gt;http://www.csfd.cz/film/\1&lt;/url&gt;&lt;id&gt;\1|user-agent=Mozilla/5.0 (Windows NT 6.1; WOW64; rv:33.0) Gecko/20120101 Firefox/33.0&lt;/id&gt;" dest="3">
			<expression>https?://(?:new\.)?csfd\.cz/film/(\d+-.*?)|user-agent=Mozilla/5.0 (Windows NT 6.1; WOW64; rv:33.0) Gecko/20120101 Firefox/33.0/</expression>
		</RegExp>
	</NfoUrl> 
  
	<CreateSearchUrl dest="3">
		<RegExp input="$$1" output="&lt;url gzip=&quot;yes&quot;&gt;http://www.csfd.cz/hledat/?q=\1|user-agent=Mozilla/5.0 (Windows NT 6.1; WOW64; rv:33.0) Gecko/20120101 Firefox/33.0&lt;/url&gt;" dest="3">
			<RegExp input="$$2" output="+\1" dest="1+">
				<expression>(\d+)</expression>
			</RegExp>
			<expression noclean="1"/>
		</RegExp>
	</CreateSearchUrl>    

	<GetSearchResults dest="8">
		<RegExp input="$$5" output="&lt;?xml version=&quot;1.0&quot; gzip=&quot;yes&quot; encoding=&quot;utf-8&quot; standalone=&quot;yes&quot;?&gt;&lt;results sorted=&quot;yes&quot;&gt;\1&lt;/results&gt;" dest="8">

			<!-- id, title, year of movies in search result -->
			<RegExp input="$$1" output="&lt;entity&gt;&lt;title&gt;\2 (\3)&lt;/title&gt;&lt;url gzip=&quot;yes&quot;&gt;http://www.csfd.cz\1|user-agent=Mozilla/5.0 (Windows NT 6.1; WOW64; rv:33.0) Gecko/20120101 Firefox/33.0&lt;/url&gt;&lt;/entity&gt;" dest="5">
				<expression repeat="yes" noclean="1">film-title-nooverflow&quot;&gt;.*?&lt;a href=&quot;(/film/[^&quot;]*)&quot; class=&quot;film-title-name&quot;&gt;([^&lt;]*)&lt;/a&gt;.*?&lt;span class=&quot;info&quot;&gt;\(([0-9]*)\)</expression>
			</RegExp>        

			<expression noclean="1"/>
		</RegExp>
	</GetSearchResults>
   
	<GetDetails clearbuffers="no" dest="3">
		<RegExp input="$$8" output="&lt;details&gt;\1&lt;/details&gt;" dest="3">

			<!-- cz title -->
			<RegExp input="$$1" output="\1" dest="7">
				<expression noclean="1" trim="1">&lt;h1[^&gt;]*&gt;([^&lt;]*)&lt;</expression>
			</RegExp>

			<!-- original title -->
			<RegExp input="$$1" output="\1" dest="9">
				<expression noclean="1" trim="1" repeat="no">class=&quot;flag&quot;.*?&gt;([^&lt;]*)&lt;</expression>
			</RegExp>

			<!-- title format -->
			<RegExp input="$$1" output="&lt;title&gt;$$7&lt;/title&gt;&lt;originaltitle&gt;$$9&lt;/originaltitle&gt;" dest="8">
				<expression />
			</RegExp>
			
			<!-- plot -->			
			<RegExp input="$$1" output="&lt;plot&gt;\1&lt;/plot&gt;" dest="8+">
				<expression repeat="no">&lt;div class=&quot;body--plots&quot;&gt;(.*?)&lt;em class=&quot;span-more-small&quot;&gt;</expression>
			</RegExp>
			
			<!-- csfd thumb -->
			<!-- <RegExp input="$$1" output="&lt;thumb&gt;https://image.pmgstatic.com/cache/resized/w420/files/images/film/posters\1|user-agent=Mozilla/5.0 (Windows NT 6.1; WOW64; rv:33.0) Gecko/20120101 Firefox/33.0&lt;/thumb&gt;" dest="8+">-->
			<RegExp input="$$1" output="&lt;thumb&gt;https://image.pmgstatic.com/cache/resized/w420/files/images/film/posters\1&lt;/thumb&gt;" dest="8+">
				<expression repeat="no" noclean="1">image\.pmgstatic\.com.*posters([^ ]*)</expression>
			</RegExp>

			<!-- runtime -->
			<RegExp input="$$1" output="&lt;runtime&gt;\1&lt;/runtime&gt;" dest="8+">
				<expression repeat="no" trim="1" noclean="0">(\d+) min.*?&lt;/div&gt;</expression>
			</RegExp>
			
			<!-- rating -->
			<RegExp input="$$1" output="&lt;rating max=&quot;100&quot;&gt;\1&lt;/rating&gt;" dest="8+">
				<expression repeat="no" trim="1" noclean="0">&lt;div class=&quot;rating-average rating-average-withtabs&quot;&gt;[^0-9]*([0-9]*)%</expression>
			</RegExp>
			
			<!-- votes -->
			<RegExp input="$$1" output="&lt;votes&gt;\1&lt;/votes&gt;" dest="8+">
				<expression repeat="no" trim="1" noclean="0">Hodnocení&lt;span class=&quot;counter&quot;&gt;\(([^\)]*)\)</expression>
			</RegExp>

			<!-- year --> 
			<RegExp input="$$1" output="&lt;year&gt;\1&lt;/year&gt;" dest="8+">
				<expression repeat="no" trim="1" noclean="0">&lt;span itemprop="dateCreated"[^&gt;]*&gt;([^&lt;]*)&lt;</expression>
			</RegExp>

			<!-- genre -->
			<RegExp input="$$1" output="&lt;genre&gt;\1&lt;/genre&gt;" dest="8+">
				<expression repeat="no" trim="1" noclean="0">&lt;div class=&quot;genres&quot;&gt;([^&lt;]*)</expression>
			</RegExp>                                               

			<!-- country -->
			<RegExp input="$$1" output="&lt;country&gt;\1&lt;/country&gt;" dest="8+">
				<expression repeat="no">&lt;div class=&quot;origin&quot;&gt;([^,]*),</expression>
			</RegExp>
			
			<!-- csfd fanart from page Prehled
			<RegExp input="$$1" output="&lt;fanart&gt;&lt;thumb&gt;https://image.pmgstatic.com/files/images/film/photos\1|user-agent=Mozilla/5.0 (Windows NT 6.1; WOW64; rv:33.0) Gecko/20120101 Firefox/33.0&lt;/thumb&gt;&lt;/fanart&gt;" dest="8+">
				<expression repeat="no" noclean="1">image\.pmgstatic\.com.*photos([^ ]*)</expression>
			</RegExp>
			-->
			
			<!-- Gallery URL -->
			<RegExp input="$$1" output="\1" dest="6">
				<expression repeat="no">\/film\/([^\/]*)\/galerie</expression>
			</RegExp>
			
			<!-- csfd fanart from gallery -->
			<!-- <RegExp input="$$6" output="&lt;url function=&quot;GetFanart&quot; &gt;https://www.csfd.cz/film/\1/galerie/|user-agent=Mozilla/5.0 (Windows NT 6.1; WOW64; rv:33.0) Gecko/20120101 Firefox/33.0&lt;/url&gt;" dest="8+">-->
			<RegExp input="$$6" output="&lt;url function=&quot;GetFanart&quot; &gt;https://www.csfd.cz/film/\1/galerie/&lt;/url&gt;" dest="8+">
				<expression/>
            </RegExp>
			
			<expression noclean="1" trim="1"></expression>    
		</RegExp>
	</GetDetails>
	
	<GetFanart dest="10+">
		<!-- csfd fanart -->
		<!-- <RegExp input="$$1" output="&lt;details&gt;&lt;fanart&gt;&lt;thumb&gt;https://image.pmgstatic.com/files/images/film/photos\1.jpg|user-agent=Mozilla/5.0 (Windows NT 6.1; WOW64; rv:33.0) Gecko/20120101 Firefox/33.0&lt;/thumb&gt;&lt;/fanart&gt;&lt;/details&gt;" dest="10"> -->
		<RegExp input="$$1" output="&lt;details&gt;&lt;fanart&gt;&lt;thumb&gt;https://image.pmgstatic.com/files/images/film/photos\1.jpg&lt;/thumb&gt;&lt;/fanart&gt;&lt;/details&gt;" dest="10">
			 <!-- <expression repeat="no" noclean="1" >photos([^?]*)</expression>  fanart from meta tag -->
			 <expression repeat="no" noclean="1" >photos([^ ]*).jpg </expression> <!-- first gallery image as fanart -->
		</RegExp>
    </GetFanart>
	
	
</scraper>
