<?xml version="1.0" encoding="UTF-8"?>
<window>
	<depth>DepthDialog+</depth>
	<defaultcontrol>11</defaultcontrol>
	<animation effect="slide" start="0,-120" end="0,0" time="75">WindowOpen</animation>
	<animation effect="slide" start="0,0" end="0,-120" time="75">WindowClose</animation>
	<coordinates>
		<left>608</left>
		<top>0</top>
	</coordinates>
	<controls>
		<control type="image">
			<left>0</left>
			<top>-15</top>
			<width>690</width>
			<height>120</height>
			<texture flipy="true" border="12,2,12,12">InfoMessagePanel.png</texture>
		</control>
		<control type="label" id="10">
			<description>Dialog header</description>
			<left>30</left>
			<top>15</top>
			<width>345</width>
			<height>30</height>
			<align>left</align>
			<aligny>center</aligny>
			<font>font12_title</font>
			<textcolor>blue</textcolor>
		</control>
		<control type="label" id="12">
			<description>Slider Value</description>
			<left>330</left>
			<top>15</top>
			<width>330</width>
			<height>30</height>
			<align>right</align>
			<aligny>center</aligny>
			<font>font12_title</font>
			<textcolor>white</textcolor>
		</control>
		<control type="slider" id="11">
			<description>Slider</description>
			<left>30</left>
			<top>53</top>
			<width>630</width>
			<height>30</height>
			<texturesliderbar>osd_slider_bg_2.png</texturesliderbar>
			<textureslidernib>osd_slider_nibNF.png</textureslidernib>
			<textureslidernibfocus>osd_slider_nib.png</textureslidernibfocus>
			<onup>11</onup>
			<ondown>11</ondown>
			<onleft>11</onleft>
			<onright>11</onright>
		</control>
	</controls>
</window>
