<?xml version="1.0" encoding="UTF-8"?>
    <addon id="repository.JimmyS84v19" name="JimmyS84 repository v19" version="1.0.1" provider-name="JimmyS84">
        <requires>
            <import addon="xbmc.addon" version="12.0.0"/>
        </requires>
        <extension point="xbmc.addon.repository" name="JimmyS84 repository v19">
			<dir>
				<info compressed="false">https://raw.githubusercontent.com/JimmyS83/repository.JimmyS84/master/_repo/v19/addons.xml</info>
				<checksum>https://raw.githubusercontent.com/JimmyS83/repository.JimmyS84/master/_repo/v19/addons.xml.md5</checksum>
				<datadir zip="true">https://raw.githubusercontent.com/JimmyS83/repository.JimmyS84/master/_repo/v19/</datadir>
				<hashes>false</hashes>
			</dir>
        </extension>
        <extension point="xbmc.addon.metadata">
            <summary>JimmyS84 Addons</summary>
            <description>Improved things for Kodi.</description>
            <platform>all</platform>
			<assets>
				<icon>icon.png</icon>
			</assets>
    </extension>
</addon>