﻿<?xml version="1.0" encoding="UTF-8"?>
<scraper date="2015-09-11" content="movies" framework="1.0" language="cs">

<!-- user agent: Mozilla/5.0 (Windows NT 6.1; WOW64; rv:33.0) Gecko/20120101 Firefox/33.0 -->

	<NfoUrl dest="3">
		<RegExp input="$$1" output="&lt;url&gt;http://new.csfd.cz/film/\1&lt;/url&gt;&lt;id&gt;\1|user-agent=Mozilla/5.0 (Windows NT 6.1; WOW64; rv:33.0) Gecko/20120101 Firefox/33.0&lt;/id&gt;" dest="3">
			<expression>https?://(?:new\.)?csfd\.cz/film/(\d+-.*?)|user-agent=Mozilla/5.0 (Windows NT 6.1; WOW64; rv:33.0) Gecko/20120101 Firefox/33.0/</expression>
		</RegExp>
	</NfoUrl> 
  
	<CreateSearchUrl dest="3">
		<RegExp input="$$1" output="&lt;url gzip=&quot;yes&quot;&gt;http://new.csfd.cz/hledat/?q=\1%20.|user-agent=Mozilla/5.0 (Windows NT 6.1; WOW64; rv:33.0) Gecko/20120101 Firefox/33.0&lt;/url&gt;" dest="3">
			<RegExp input="$$2" output="+\1" dest="1+">
				<expression>(\d+)</expression>
			</RegExp>
			<expression noclean="1"/>
		</RegExp>
	</CreateSearchUrl>    

	<GetSearchResults dest="8">
		<RegExp input="$$5" output="&lt;?xml version=&quot;1.0&quot; gzip=&quot;yes&quot; encoding=&quot;utf-8&quot; standalone=&quot;yes&quot;?&gt;&lt;results sorted=&quot;yes&quot;&gt;\1&lt;/results&gt;" dest="8">

			<!-- id, title, year of movies in search result -->
			<RegExp input="$$1" output="&lt;entity&gt;&lt;title&gt;\2 (\3)&lt;/title&gt;&lt;url gzip=&quot;yes&quot;&gt;http://new.csfd.cz\1|user-agent=Mozilla/5.0 (Windows NT 6.1; WOW64; rv:33.0) Gecko/20120101 Firefox/33.0&lt;/url&gt;&lt;/entity&gt;" dest="5">
				<expression repeat="yes" noclean="1">film-title-nooverflow&quot;&gt;.*?&lt;a href=&quot;(/film/[^&quot;]*)&quot; class=&quot;film-title-name&quot;&gt;([^&lt;]*)&lt;/a&gt;.*?&lt;span class=&quot;info&quot;&gt;\(([0-9]*)\)</expression>
			</RegExp>        

			<expression noclean="1"/>
		</RegExp>
	</GetSearchResults>
   
	<GetDetails clearbuffers="no" dest="3">
		<RegExp input="$$8" output="&lt;details&gt;\1&lt;/details&gt;" dest="3">

			<!-- cz title -->
			<RegExp input="$$1" output="\1" dest="7">
				<expression noclean="1" trim="1">&lt;h1[^&gt;]*&gt;([^&lt;]*)&lt;</expression>
			</RegExp>

			<!-- original title -->
			<RegExp input="$$1" output="\1" dest="9">
				<expression noclean="1" trim="1" repeat="no">class=&quot;flag&quot;.*?&gt;(.*?)&lt;span class=&quot;normal more-name-link&quot;&gt;</expression>
			</RegExp>

			<!-- title format -->
			<RegExp input="$$1" output="&lt;title&gt;$$7 ($$9)&lt;/title&gt;" dest="8">
				<expression />
			</RegExp>
			<RegExp conditional="original_title" input="$$1" output="&lt;title&gt;$$9 ($$7)&lt;/title&gt;" dest="8">
				<expression />
			</RegExp>
			
			<!-- plot -->			
			<RegExp input="$$1" output="&lt;plot&gt;\1&lt;/plot&gt;" dest="8+">
				<expression repeat="no">&lt;div class=&quot;body--plots&quot;&gt;(.*?)&lt;em class=&quot;span-more-small&quot;&gt;</expression>
			</RegExp>

			<!-- runtime -->
			<RegExp input="$$1" output="&lt;runtime&gt;\1&lt;/runtime&gt;" dest="8+">
				<expression repeat="no" trim="1" noclean="0">(\d+) min.*?&lt;/div&gt;</expression>
			</RegExp>
			
			<!-- rating -->
			<RegExp input="$$1" output="&lt;rating max=&quot;100&quot;&gt;\1&lt;/rating&gt;" dest="8+">
				<expression repeat="no" trim="1" noclean="0">&lt;div class=&quot;rating-average rating-average-withtabs&quot;&gt;[^0-9]*([0-9]*)%</expression>
			</RegExp>
			
			<!-- votes -->
			<RegExp input="$$1" output="&lt;votes&gt;\1&lt;/votes&gt;" dest="8+">
				<expression repeat="no" trim="1" noclean="0">Hodnocení&lt;span class=&quot;counter&quot;&gt;\(([^\)]*)\)</expression>
			</RegExp>

			<!-- year --> 
			<RegExp input="$$1" output="&lt;year&gt;\1&lt;/year&gt;" dest="8+">
				<expression repeat="no" trim="1" noclean="0">&lt;span itemprop="dateCreated"[^&gt;]*&gt;([^&lt;]*)&lt;</expression>
			</RegExp>

			<!-- genre -->
			<RegExp input="$$1" output="&lt;genre&gt;\1&lt;/genre&gt;" dest="8+">
				<expression repeat="yes" trim="1" noclean="0">&lt;div class=&quot;genres&quot;&gt;([^&lt;]*)</expression>
			</RegExp>                                               

			<!-- country -->
			<RegExp input="$$1" output="&lt;country&gt;\1&lt;/country&gt;" dest="8+">
				<expression repeat="yes">&lt;div class=&quot;origin&quot;&gt;([^,]*),</expression>
			</RegExp>

			<!-- csfd thumb -->
			<RegExp input="$$1" output="&lt;thumb&gt;http://\1?w420|user-agent=Mozilla/5.0 (Windows NT 6.1; WOW64; rv:33.0) Gecko/20120101 Firefox/33.0&lt;/thumb&gt;" dest="8+">
				<expression noclean="1">(image.pmgstatic.com/files/images/film/posters[^.jpg]*.jpg)</expression>
			</RegExp>          
			
			<!-- imdb test 
			<RegExp input="$$4" output="&lt;url gzip=&quot;yes&quot;&gt;http://new.csfd.cz/hledat/?q=\1%20.|user-agent=Mozilla/5.0 (Windows NT 6.1; WOW64; rv:33.0) Gecko/20120101 Firefox/33.0&lt;/url&gt;" dest="3">
			<RegExp input="$$2" output="+\1" dest="4+">
				<expression>(\d+)</expression>
			</RegExp>
				<expression noclean="1"/>
			</RegExp>
			<RegExp input="$$4" output="&lt;imdbid&gt;\1&lt;/imdbid&gt;" dest="8+">
				<expression clear="yes" noclean="1" trim="1">&lt;a href=&quot;https?://[^&quot;]*imdb\.com/search/title/?title=tt(\d+)/</expression>
			</RegExp>
			-->
						
			<expression noclean="1" trim="1"></expression>    
		</RegExp>
	</GetDetails>
</scraper>
