<?xml version="1.0" encoding="UTF-8" standalone="yes"?>
<addon id="plugin.video.seznam.zpravy"
       name="Seznam Zpravy"
       version="0.9.4v2"
       provider-name="Frantisek Barancik, BrozikCZ, PrichyM">
  <requires>
    <import addon="xbmc.python" version="2.1.0"/>
    <import addon="script.module.simplejson"/>
  </requires>
  <extension point="xbmc.python.pluginsource" library="default.py">
    <provides>video</provides>
  </extension>
  <extension point="xbmc.addon.metadata">
    <platform>all</platform>
    <summary>Seznam Zpravy plugin</summary>
    <description>
        www.seznam.cz/zpravy/
    </description>
    <source>https://github.com/kodi-czsk/plugin.video.seznam.zpravy</source>
  </extension>
</addon>
