<?xml version="1.0" encoding="UTF-8"?>
<window>
	<defaultcontrol always="true">5</defaultcontrol>
	<coordinates>
		<left>338</left>
		<top>45</top>
	</coordinates>
	<include>dialogeffect</include>
	<controls>
		<include content="DialogBackgroundCommons">
			<param name="DialogBackgroundWidth" value="1245" />
			<param name="DialogBackgroundHeight" value="990" />
			<param name="DialogHeaderWidth" value="1125" />
			<param name="DialogHeaderLabel" value="$INFO[ListItem.Title]" />
			<param name="DialogHeaderId" value="2" />
			<param name="CloseButtonLeft" value="1110" />
			<param name="CloseButtonNav" value="10" />
		</include>
		<control type="list" id="49">
			<left>60</left>
			<top>120</top>
			<width>960</width>
			<height>495</height>
			<onleft>49</onleft>
			<onright>49</onright>
			<onup>9000</onup>
			<ondown>61</ondown>
			<pagecontrol />
			<scrolltime>200</scrolltime>
			<itemlayout height="45">
				<control type="label">
					<left>8</left>
					<top>0</top>
					<width>240</width>
					<height>45</height>
					<font>font13</font>
					<align>left</align>
					<aligny>center</aligny>
					<textcolor>blue</textcolor>
					<selectedcolor>selected</selectedcolor>
					<info>ListItem.Label</info>
				</control>
				<control type="label">
					<left>263</left>
					<top>0</top>
					<width>698</width>
					<height>45</height>
					<font>font13</font>
					<align>left</align>
					<aligny>center</aligny>
					<textcolor>white</textcolor>
					<selectedcolor>white</selectedcolor>
					<info>ListItem.Label2</info>
				</control>
			</itemlayout>
			<focusedlayout height="45">
				<control type="image">
					<left>0</left>
					<top>0</top>
					<width>960</width>
					<height>45</height>
					<visible>Control.HasFocus(49)</visible>
					<texture>MenuItemFO.png</texture>
					<include>VisibleFadeEffect</include>
				</control>
				<control type="label">
					<left>8</left>
					<top>0</top>
					<width>240</width>
					<height>45</height>
					<font>font13</font>
					<align>left</align>
					<aligny>center</aligny>
					<textcolor>blue</textcolor>
					<selectedcolor>selected</selectedcolor>
					<info>ListItem.Label</info>
				</control>
				<control type="label">
					<left>263</left>
					<top>0</top>
					<width>698</width>
					<height>45</height>
					<font>font13</font>
					<align>left</align>
					<aligny>center</aligny>
					<textcolor>white</textcolor>
					<selectedcolor>white</selectedcolor>
					<info>ListItem.Label2</info>
					<scroll>true</scroll>
				</control>
			</focusedlayout>
			<content>
				<item>
					<label>$LOCALIZE[21442]:</label>
					<label2>$INFO[ListItem.EpisodeName]</label2>
					<visible>!String.IsEmpty(ListItem.EpisodeName)</visible>
				</item>
				<item>
					<label>$LOCALIZE[20373]:</label>
					<label2>$INFO[ListItem.Season]</label2>
					<visible>!String.IsEmpty(ListItem.Season)</visible>
				</item>
				<item>
					<label>$LOCALIZE[20359]:</label>
					<label2>$INFO[ListItem.Episode]</label2>
					<visible>!String.IsEmpty(ListItem.Episode)</visible>
				</item>
				<item>
					<label>$LOCALIZE[19148]:</label>
					<label2>$INFO[ListItem.ChannelName]</label2>
				</item>
				<item>
					<label>$LOCALIZE[142]</label>
					<label2>$INFO[ListItem.StartTime] - $INFO[ListItem.EndTime] ($INFO[ListItem.StartDate])</label2>
				</item>
				<item>
					<label>$LOCALIZE[180]:</label>
					<label2>$INFO[ListItem.Duration]</label2>
					<visible>!String.IsEmpty(ListItem.Duration)</visible>
				</item>
				<item>
					<label>$LOCALIZE[515]:</label>
					<label2>$INFO[ListItem.Genre]</label2>
				</item>
				<item>
					<label>$LOCALIZE[20417]:</label>
					<label2>$INFO[ListItem.Writer]</label2>
					<visible>!String.IsEmpty(ListItem.Writer)</visible>
				</item>
				<item>
					<label>$LOCALIZE[20339]:</label>
					<label2>$INFO[ListItem.Director]</label2>
					<visible>!String.IsEmpty(ListItem.Director)</visible>
				</item>
				<item>
					<label>$LOCALIZE[206]:</label>
					<label2>$INFO[ListItem.Cast]</label2>
					<visible>!String.IsEmpty(ListItem.Cast)</visible>
				</item>
			</content>
		</control>
		<control type="label">
			<left>465</left>
			<top>555</top>
			<width>600</width>
			<height>45</height>
			<font>font12</font>
			<textcolor>grey</textcolor>
			<shadowcolor>black</shadowcolor>
			<scroll>true</scroll>
			<align>right</align>
			<aligny>center</aligny>
			<label>[COLOR=blue]$LOCALIZE[207][/COLOR]$INFO[Container(400).CurrentPage, ( $LOCALIZE[31024] ]$INFO[Container(400).NumPages,/, )]</label>
		</control>
		<control type="spincontrol" id="60">
			<description>Next page button</description>
			<left>1080</left>
			<top>563</top>
			<subtype>page</subtype>
			<font />
			<onleft>60</onleft>
			<onright>60</onright>
			<ondown>9000</ondown>
			<onup>9000</onup>
			<textcolor />
			<showonepage>true</showonepage>
		</control>
		<control type="textbox" id="400">
			<description>PLOT</description>
			<left>60</left>
			<top>603</top>
			<width>1125</width>
			<height>267</height>
			<font>font13</font>
			<align>justify</align>
			<pagecontrol>60</pagecontrol>
			<label fallback="31017">$INFO[ListItem.Plot]</label>
		</control>
		<control type="grouplist" id="9000">
			<left>60</left>
			<top>885</top>
			<width>1110</width>
			<height>60</height>
			<itemgap>8</itemgap>
			<align>center</align>
			<orientation>horizontal</orientation>
			<onleft>9000</onleft>
			<onright>9000</onright>
			<onup>60</onup>
			<ondown>60</ondown>
			<control type="button" id="9">
				<description>Timer</description>
				<include>ButtonInfoDialogsCommonValues</include>
				<label>19061</label>
				<visible>Window.IsActive(PVRGuideInfo)</visible>
			</control>
			<control type="button" id="4">
				<description>Find similar</description>
				<include>ButtonInfoDialogsCommonValues</include>
				<label>19003</label>
				<visible>Window.IsActive(PVRRecordingInfo) | Window.IsActive(PVRGuideInfo)</visible>
			</control>
			<control type="button" id="10">
				<description>Play programme</description>
				<include>ButtonInfoDialogsCommonValues</include>
				<label>19190</label>
				<visible>Window.IsActive(PVRGuideInfo)</visible>
			</control>
			<control type="button" id="8">
				<description>Play recording</description>
				<include>ButtonInfoDialogsCommonValues</include>
				<label>19687</label>
				<visible>Window.IsActive(PVRRecordingInfo) | Window.IsActive(PVRGuideInfo)</visible>
			</control>
			<control type="button" id="6">
				<description>Record</description>
				<include>ButtonInfoDialogsCommonValues</include>
				<label />
				<visible>Window.IsActive(PVRGuideInfo)</visible>
			</control>
			<control type="button" id="11">
				<description>Set reminder</description>
				<include>ButtonInfoDialogsCommonValues</include>
				<label>$LOCALIZE[826]</label>
				<visible>Window.IsActive(PVRGuideInfo)</visible>
			</control>
			<control type="button" id="7">
				<description>OK</description>
				<include>ButtonInfoDialogsCommonValues</include>
				<label>186</label>
			</control>
			<control type="button" id="5">
				<description>Switch to Channel</description>
				<include>ButtonInfoDialogsCommonValues</include>
				<label>19165</label>
				<visible>Window.IsActive(PVRGuideInfo)</visible>
			</control>
		</control>
	</controls>
</window>
