<?xml version="1.0" encoding="UTF-8"?>
<window>
	<defaultcontrol always="true">11</defaultcontrol>
	<coordinates>
		<left>1170</left>
		<top>45</top>
	</coordinates>
	<include>dialogeffect</include>
	<controls>
		<control type="group">
			<control type="image">
				<description>background image</description>
				<left>0</left>
				<top>0</top>
				<width>720</width>
				<height>990</height>
				<texture border="40">DialogBack2.png</texture>
			</control>
			<control type="button">
				<description>Close Window button</description>
				<left>585</left>
				<top>23</top>
				<width>96</width>
				<height>48</height>
				<label />
				<font />
				<onclick>PreviousMenu</onclick>
				<texturefocus>DialogCloseButton-focus.png</texturefocus>
				<texturenofocus>DialogCloseButton.png</texturenofocus>
				<onleft>2</onleft>
				<onright>2</onright>
				<onup>2</onup>
				<ondown>2</ondown>
				<visible>system.getbool(input.enablemouse)</visible>
			</control>
			<control type="image">
				<description>Dialog Header image</description>
				<left>60</left>
				<top>24</top>
				<width>600</width>
				<height>60</height>
				<texture>dialogheader.png</texture>
			</control>
			<control type="label">
				<description>header label</description>
				<left>60</left>
				<top>24</top>
				<width>645</width>
				<height>60</height>
				<font>font12_title</font>
				<label>$LOCALIZE[19222] - $INFO[VideoPlayer.ChannelName]</label>
				<align>center</align>
				<aligny>center</aligny>
				<textcolor>blue</textcolor>
				<shadowcolor>black</shadowcolor>
			</control>
			<control type="label">
				<description>Selected item's date</description>
				<left>60</left>
				<top>90</top>
				<width>645</width>
				<height>45</height>
				<font>font13</font>
				<textcolor>grey2</textcolor>
				<label>$INFO[Container(11).ListItem.StartDate]</label>
				<align>center</align>
				<aligny>center</aligny>
			</control>
			<control type="list" id="11">
				<left>45</left>
				<top>150</top>
				<width>615</width>
				<height>735</height>
				<onleft>60</onleft>
				<onright>60</onright>
				<onup>11</onup>
				<ondown>11</ondown>
				<viewtype label="535">list</viewtype>
				<pagecontrol>60</pagecontrol>
				<scrolltime>200</scrolltime>
				<itemlayout height="53" width="615">
					<control type="image">
						<left>0</left>
						<top>0</top>
						<width>615</width>
						<height>45</height>
						<texture border="5">button-nofocus.png</texture>
						<include>VisibleFadeEffect</include>
					</control>
					<control type="label">
						<left>15</left>
						<top>0</top>
						<width>75</width>
						<height>45</height>
						<font>font13</font>
						<textcolor>grey2</textcolor>
						<selectedcolor>selected</selectedcolor>
						<align>left</align>
						<aligny>center</aligny>
						<label>$INFO[ListItem.StartTime]</label>
					</control>
					<control type="image">
						<left>105</left>
						<top>11</top>
						<width>24</width>
						<height>24</height>
						<texture>$VAR[PVRTimerIcon]</texture>
					</control>
					<control type="label">
						<left>129</left>
						<top>0</top>
						<width>471</width>
						<height>45</height>
						<font>font12</font>
						<textcolor>grey2</textcolor>
						<selectedcolor>selected</selectedcolor>
						<align>left</align>
						<aligny>center</aligny>
						<label>$INFO[ListItem.Label]</label>
					</control>
				</itemlayout>
				<focusedlayout height="53" width="615">
					<control type="image">
						<left>0</left>
						<top>0</top>
						<width>615</width>
						<height>45</height>
						<texture border="5">button-nofocus.png</texture>
						<visible>!Control.HasFocus(11)</visible>
						<include>VisibleFadeEffect</include>
					</control>
					<control type="image">
						<left>0</left>
						<top>0</top>
						<width>615</width>
						<height>45</height>
						<texture border="5">button-focus2.png</texture>
						<visible>Control.HasFocus(11)</visible>
						<include>VisibleFadeEffect</include>
					</control>
					<control type="label">
						<left>15</left>
						<top>0</top>
						<width>75</width>
						<height>45</height>
						<font>font13</font>
						<textcolor>grey2</textcolor>
						<selectedcolor>selected</selectedcolor>
						<align>left</align>
						<aligny>center</aligny>
						<label>$INFO[ListItem.StartTime]</label>
					</control>
					<control type="image">
						<left>105</left>
						<top>11</top>
						<width>24</width>
						<height>24</height>
						<texture>$VAR[PVRTimerIcon]</texture>
					</control>
					<control type="label">
						<left>129</left>
						<top>0</top>
						<width>471</width>
						<height>45</height>
						<font>font12</font>
						<textcolor>grey2</textcolor>
						<selectedcolor>selected</selectedcolor>
						<align>left</align>
						<aligny>center</aligny>
						<label>$INFO[ListItem.Label]</label>
					</control>
				</focusedlayout>
			</control>
			<control type="scrollbar" id="60">
				<left>660</left>
				<top>150</top>
				<width>38</width>
				<height>735</height>
				<texturesliderbackground border="0,28,0,28">ScrollBarV.png</texturesliderbackground>
				<texturesliderbar border="0,28,0,28">ScrollBarV_bar.png</texturesliderbar>
				<texturesliderbarfocus border="0,28,0,28">ScrollBarV_bar_focus.png</texturesliderbarfocus>
				<textureslidernib>ScrollBarNib.png</textureslidernib>
				<textureslidernibfocus>ScrollBarNib.png</textureslidernibfocus>
				<onleft>11</onleft>
				<onright>11</onright>
				<ondown>61</ondown>
				<onup>61</onup>
				<showonepage>false</showonepage>
				<orientation>vertical</orientation>
			</control>
			<control type="label">
				<description>Page Count Label</description>
				<left>75</left>
				<top>915</top>
				<width>600</width>
				<height>30</height>
				<font>font12</font>
				<textcolor>grey</textcolor>
				<scroll>false</scroll>
				<align>right</align>
				<aligny>center</aligny>
				<label>([COLOR=blue]$INFO[Container(11).NumItems][/COLOR]) $LOCALIZE[31025] - $LOCALIZE[31024] ([COLOR=blue]$INFO[Container(11).CurrentPage]/$INFO[Container(11).NumPages][/COLOR])</label>
				<include>Window_OpenClose_Animation</include>
			</control>
		</control>
	</controls>
</window>
