﻿<addon id="plugin.video.ivysilani" name="iVysílání" provider-name="waladir" version="1.0.0">
  <requires>
    <import addon="xbmc.python" version="3.0.0"/>
  </requires>
  <extension library="main.py" point="xbmc.python.pluginsource">
    <provides>video</provides>
  </extension>
  <extension point="xbmc.addon.metadata">
    <summary lang="cs_CZ">iVysílání</summary>
    <description lang="cs_CZ">
Doplněk pro iVysílání České televize
    </description>    
    <platform>all</platform>
    <news>
v1.0.0 (6.12.2024)
- první verze
    </news>
    <assets>
        <icon>icon.png</icon>
    </assets>
  </extension>
</addon>
