<?xml version="1.0" encoding="UTF-8" standalone="yes"?>
<addon id="repository.saros" name="Kodi Saros Addons" version="1.0.0" provider-name="Sároš">
	<extension point="xbmc.addon.repository" name="repozitář doplňků">
		<info compressed="false">http://saros.wz.cz/repo/addons.xml</info>
		<checksum>http://saros.wz.cz/repo/addons.xml.md5</checksum>
		<datadir zip="true">http://saros.wz.cz/repo/</datadir>
	</extension>
	<extension point="xbmc.addon.metadata">
		<summary>Kodi Saros Addons</summary>
		<description>Kodi Saros Addons</description>
		<platform>all</platform>
	</extension>
</addon>
