<?xml version="1.0" encoding="UTF-8" standalone="yes"?>
<addon id="script.365.epg.generator"
       name="365 EPG Generator"
       version="1.5.57"
       provider-name="Sároš">
    <requires>
        <import addon="xbmc.python" version="2.19.0"/>
        <import addon="script.module.beautifulsoup4" version="4.6.2"/>
        <import addon="script.module.routing" version="0.1.0"/>
    </requires>
    <extension point="xbmc.python.script" library="main.py"/>
    <extension point="xbmc.service" library="service.py"/>
    <extension point="xbmc.addon.metadata">
        <description lang="en">XML Generator for EPG.</description>
        <platform>all</platform>
        <assets>
            <icon>icon.png</icon>
        </assets>
        <news>v1.5.4 (13.03.2021)
- loga kanálů: oprava url adresy

v1.5.3 (10.12.2020)
- fix dialogu průběhu generování

v1.5.2 (10.12.2020)
- možnost zobrazit průběh generování
- seznam tvg-id kanálu (nastavení - pokročilé)

v1.5.1
- opraveno parsování

v1.5.0
- opraveno parsování kanálu BBC Earth

v1.4.10
- optimalizace

v1.4.9
- možnost nastavit časový posun EPG

v1.4.8
- EPG na 7 dní zpětně

v1.4.7
- EPG na 15 dní dopředu

v1.4.6
- volba spuštění kanálu (TV/radio) po restartu PVR klienta

v1.4.5
- oprava chyb

v1.4.4
- vyřešen problém s ukončením Kodi
- oprava chyb

v1.4.3
- aktualizace po startu Kodi - Restart PVR IPTV Simple Client (volitelně)

v1.4.2
- oprava chyb

v1.4.1
- přidán TV program pro rádia

v1.4.0
- diakritika v tvg-id (volitelně)
- vlastní názvy kanálů v EPG
- optimalizace

v1.3.8
- optimalizace, oprava chyb

v1.3.7
- možnost uložení souboru na síťové úložiště

v1.3.6
- sloučení kanálů ČT:D a ČT Art

v1.3.5
- odstranění diakritiky v channel id

v1.3.3
- Možnost vypnout upozornění při automatické aktualizaci

v1.3.2
- Drobné opravy

v1.3.1
- Drobné opravy

v1.3.0
- Přidán kanál BBC Earth

v1.2.1
- Možnost vložit loga kanálů (volitelně)

v1.2.0
- Možnost přidat vlastní kanály

v1.1.0
- Opraveno řazení programů
- Přidáno spuštění po startu a automatická aktualizace v zadaný čas

v1.0.0
- První vydání
        </news>
    </extension>
</addon>
